Name of protein,Helix,Sheet,Coil,Confidence ,Actual H,Actual E
1A0L_1|BETA-TRYPTASE|Homo sapiens (9606),21,105,118,78.70%,63,263
1A0P_1|SITE-SPECIFIC RECOMBINASE XERD|Escherichia coli (562),21,104,119,79.60%,118,111
1A0T_1|SUCROSE-SPECIFIC PORIN|Salmonella typhimurium (90371),21,103,120,79.30%,98,4
1A1O_3|PEPTIDE LS6 (KPIVQYDNF)|Human immunodeficiency virus 1 (11676),21,108,115,79.80%,105,215
1A02_4|AP-1 FRAGMENT FOS|Homo sapiens (9606),20,115,166,79.10%,160,4
1A2O_1|CHEB METHYLESTERASE|Salmonella typhimurium (90371),148,82,119,79.50%,95,580
1A2W_1|RIBONUCLEASE A|Bos taurus (9913),23,31,70,77.40%,21,172
"1A03_1|CALCYCLIN (RABBIT, CA2+)|Oryctolagus cuniculus (9986)",21,105,118,78.70%,73,92
1A3A_1|MANNITOL-SPECIFIC EII|Escherichia coli (83333),64,22,62,82.20%,266,99
1A4O_1|14-3-3 PROTEIN ZETA|Bos taurus (9913),188,0,57,86.60%,60,48
1A5F_1|MONOCLONAL ANTI-E-SELECTIN 7A9 ANTIBODY (LIGHT CHAIN)|Mus musculus (10090),,,,,259,20
1A14_1|NEURAMINIDASE|Influenza A virus (11320),4,185,199,80.90%,7,35
1A45_1|GAMMAF CRYSTALLIN|Bos taurus (9913),0,72,101,78.50%,628,0
1A58_1|CYCLOPHILIN|Brugia malayi (6279),23,59,95,79.40%,26,36
1AF9_1|TETANUS NEUROTOXIN|Clostridium tetani (1513),20,225,207,91.40%,16,112
1B9Y_1|PROTEIN (TRANSDUCIN)|Bos taurus (9913),18,184,138,83.50%,137,119
1BDJ_1|CHEY|Escherichia coli (562),58,26,44,86.20%,156,15
1BRS_1|BARNASE|Bacillus amyloliquefaciens (1390),28,20,62,75.10%,237,79
1FYN_1|PHOSPHOTRANSFERASE FYN|Homo sapiens (9606),0,32,30,81.20%,3,17
1GVU_1|ENDOTHIAPEPSIN|ENDOTHIA PARASITICA (5116),17,156,157,81.50%,50,97
1HAG_1|PRETHROMBIN 2|Homo sapiens (9606),20,110,165,79.40%,38,86
1HMK_1|PROTEIN (ALPHA-LACTALBUMIN)|Capra hircus (9925),48,10,66,79.50%,54,2
1I5D_1|CHEMOTAXIS PROTEIN CHEA|Thermotoga maritima (2336),69,47,75,82.30%,87,32
1KF9_2|EXTRACELLULAR DOMAIN HUMAN GROWTH HORMONE RECEPTOR (1-238)|Homo sapiens (9606),0,113,125,79.60%,67,82
"1KMY_1|2,3-DIHYDROXYBIPHENYL 1,2-DIOXYGENASE|Burkholderia xenovorans (266265)",58,110,129,78.70%,107,11
1L36_1|LYSOZYME|Enterobacteria phage T4 (10665),97,12,55,80.80%,17,58
1MDC_1|INSECT FATTY ACID BINDING PROTEIN|Manduca sexta (7130),,,,,86,2
1MZ4_1|cytochrome c550|Thermosynechococcus elongatus (146786),44,11,82,73.90%,636,78
1NHU_1|HEPATITIS C VIRUS NS5B RNA-DEPENDENT RNA POLYMERASE|Hepatitis C virus subtype 1b (31647),218,91,269,89.50%,25,61
1O2I_1|BETA-TRYPSIN|Bos taurus (9913),18,93,112,73.60%,25,24
1O4Q_1|PROTO-ONCOGENE TYROSINE-PROTEIN KINASE SRC|Homo sapiens (9606),18,35,55,82.60%,140,33
1ODF_1|HYPOTHETICAL 33.3 KDA PROTEIN IN ADE3-SER2 INTERGENIC REGION|SACCHAROMYCES CEREVISIAE (4932),106,37,147,91.00%,2750,1075
1Q3G_1|UDP-N-acetylglucosamine 1-carboxyvinyltransferase|Enterobacter cloacae (550),151,125,143,81.40%,13,49
1RCY_1|RUSTICYANIN|Acidithiobacillus ferrooxidans (920),8,69,74,82.60%,414,289
1RD8_1|hemagglutinin|Influenza A virus (11320),18,150,167,76.50%,117,49
1RPU_2|19 kDa protein|Carnation Italian ringspot virus (39443),97,12,55,80.80%,24,53
1RTF_2|TWO CHAIN TISSUE PLASMINOGEN ACTIVATOR|Homo sapiens (9606),11,105,136,78.70%,922,900
1S9C_1|Peroxisomal multifunctional enzyme type 2|Homo sapiens (9606),57,107,127,80.8,234,66
1SVU_1|Modification methylase HhaI|Haemophilus haemolyticus (726),103,83,122,82.5,372,5
"1U9E_1|Chains A,B|Estrogen receptor beta|Homo sapiens (9606)",39,22,39,82.4,188,30
1UIO_1|ADENOSINE DEAMINASE|Mus musculus (10090),16,32,52,68.9,332,58
"1VP5_1|2,5-diketo-D-gluconic acid reductase|Thermotoga maritima (243274)",9,177,204,82.5,93,148
"1XH3_1|Chain A|HLA class I histocompatibility antigen, B-35 alpha chain|Homo sapiens (9606)",184,45,120,83.3,71,108
1Y92_1|Seminal ribonuclease|Bos taurus (9913),162,64,234,80.8,104,3
2A9N_1|fluorescein-scfv light chain|Homo sapiens (9606),51,13,36,76,24,193
2AZA_1|AZURIN|Achromobacter xylosoxidans (85698),49,15,36,82.9,36,92
2B4K_1|alpha-amino acid ester hydrolase|Acetobacter pasteurianus (438),126,63,143,76.6,759,497
2DH4_1|YPL069C|Saccharomyces cerevisiae (4932),193,76,102,82.6,548,2
2IO6_1|Wee1-like protein kinase|Homo sapiens (9606),69,100,106,80,118,28
2JGX_1|COMPLEMENT FACTOR H|HOMO SAPIENS (9606),169,87,176,80.8,5,6
2LF4_1|Gag polyprotein|Human immunodeficiency virus 1 (11676),109,125,145,82.1,155,2
2LYM_1|HEN EGG WHITE LYSOZYME|Gallus gallus (9031),51,123,186,75.5,62,9
2MWG_1|Blue-light photoreceptor|Bacillus subtilis (224308),13,104,108,90.9,289,102
2NWD_1|Lysozyme C|null,134,47,81,80.7,70,3
2OT0_1|Fructose-bisphosphate aldolase A|Oryctolagus cuniculus (9986),129,48,79,80.1,768,154
2SNS_1|THERMONUCLEASE PRECURSOR|Staphylococcus aureus (1280),,,,,34,16
2SOB_1|STAPHYLOCOCCAL NUCLEASE|Staphylococcus aureus (1280),116,58,147,82.60%,10,3
2UVR_1|DNA POLYMERASE IV|SULFOLOBUS SOLFATARICUS (273057),99,114,161,91.00%,174,49
"2W4U_1|TROPONIN C, SKELETAL MUSCLE|GALLUS GALLUS (9031)",69,100,106,81.40%,4234,724
3ARS_1|Chain A|Chitinase A|Vibrio harveyi (669),79,123,88,82.60%,206,122
3ARX_1|Chain A|Chitinase A|Vibrio harveyi (669),82,102,78,76.50%,206,126
3C14_3|Guanine nucleotide-binding protein G(s) subunit alpha isoforms short|Bos taurus (9913),106,65,89,80.80%,341,140
3D9Y_1|Profilin|Schizosaccharomyces pombe (4896),195,19,86,78.70%,107,63
3E6P_1|Prothrombin|Homo sapiens (9606),102,72,108,82.9,74,59
3EFT_1|Carbonic anhydrase 2|null,112,64,169,76.6,50,80
3HPH_1|Integrase|Maedi visna virus (36374),38,104,118,82.6,770,88
3IJT_1|Putative uncharacterized protein|Streptococcus mutans (1309),143,53,165,80,89,95
3NWM_1|Chain A|Peptide/beta-2microglobulin/MHC class I H-2Kd chimeric protein|Mus musculus (10090),127,37,136,80.8,78,150
"3OOV_1|Methyl-accepting chemotaxis protein, putative|Geobacter sulfurreducens (243231)",210,38,105,82.1,168,60
3WWC_1|Oxidized polyvinyl alcohol hydrolase|Pseudomonas sp. VM15C (237605),105,66,129,75.5,111,51
4GGO_1|Trans-2-enoyl-CoA reductase|Treponema denticola ATCC 35405 (243275),37,65,73,90.9,784,153
"4I4W_1|Chain A|HLA class I histocompatibility antigen, A-2 alpha chain|Homo sapiens (9606)",112,102,87,80.7,84,149
"4JQV_1|Chain A|HLA class I histocompatibility antigen, B-18 alpha chain|Homo sapiens (9606)",86,82,104,80.1,84,148
4MW5_1|Methionyl-tRNA synthetase|Trypanosoma brucei (5691),114,47,118,82.9,595,112
4U0J_1|Enoyl-[acyl-carrier-protein] reductase [NADH]|Mycobacterium tuberculosis (83332),130,7,163,76.6,145,34
4YRM_1|Histidyl-tRNA synthetase|Trypanosoma cruzi (strain CL Brener) (353153),18,128,140,82.6,410,154
"4Z7V_1|Chains A,C|MHC class II HLA-DQ-alpha chain|Homo sapiens (9606)",126,61,113,80,220,679
5ACN_1|ACONITASE|Sus scrofa (9823),95,66,139,80.8,270,106
"5FUZ_1|645 FAB, HEAVY CHAIN|HOMO SAPIENS (9606)",25,38,69,82.1,34,211
"5HL8_1|Chains A,B,C,D|Type II secretion system protein L|Klebsiella pneumoniae subsp. pneumoniae NTUH-K2044",105,66,129,75.5,105,108
"5K38_1|Chains A,B|Nuclear receptor ROR-gamma|Homo sapiens (9606)",33,180,215,82.9,364,10
5KSV_1|Chain A|MHC class II HLA-DQ-alpha chain|Homo sapiens (9606),185,52,176,76.6,75,149
5LIU_1|Aldo-keto reductase family 1 member B10|Homo sapiens (9606),500,0,205,82.6,137,29
"5LUZ_1|Neurolysin, mitochondrial|Homo sapiens (9606)",26,158,218,80,892,52
5PAL_1|PARVALBUMIN|Triakis semifasciata (30493),122,52,137,80.8,62,1
5XNS_1|Chromosome partition protein Smc|Pyrococcus furiosus (strain ATCC 43587 / DSM 3638 / JCM 8422 / Vc1),179,16,68,82.1,143,15
5XSO_1|Response regulator FixJ|Bradyrhizobium japonicum (375),143,32,158,75.5,419,10
"6E3G_1|Chains A,B|Nuclear receptor ROR-gamma|Homo sapiens (9606)",160,45,95,90.9,530,340
6E58_1|Secreted Endo-beta-N-acetylglucosaminidase (EndoS)|Streptococcus pyogenes M49 591 (294934),33,226,312,80.7,449,158
"6JQH_1|Chains A,B|MaDA|Morus alba (3498)",,,,,215,73
6OFQ_1|Heme-binding protein A / AI-2 binding protein A|Helicobacter pylori SS1 (102617),106,66,128,82.6,216,73
6PU3_1|Heme-binding protein A|Helicobacter pylori (210),160,45,97,80,157,42
6R3D_1|Chain A|Dual specificity protein kinase CLK1|Homo sapiens (9606),65,95,124,80.8,220,324
6R6Y_1|Carbonic anhydrase 12|Homo sapiens (9606),105,36,143,82.1,519,7
"6TEM_1|Chains A,E|Histone H3-like centromeric protein A|Homo sapiens (9606)",185,124,213,75.5,430,66
"6U3E_1|Chains A,B|Cytohesin-3|Homo sapiens (9606)",187,61,330,90.9,82,104
6VT4_1|Chain A|RNA Ligase|Naegleria gruberi (5762),169,74,156,80.7,61,30
12E8_1|IGG1-KAPPA 2E8 FAB (LIGHT CHAIN)|Mus musculus (10090),109,293,497,80.1,105,108
219L_1|T4 LYSOZYME|Enterobacteria phage T4 (10665),159,41,100,82.9,24,150
821P_1|C-H-RAS P21 PROTEIN|Homo sapiens (9606),114,149,168,76.6,27,167
,,,,,,
,,,,,,
,,,,,,
,,,,,,
,,,,,,
,,,,,,
,,,,,,
,,,,,,
,,,,,,
,,,,,,
,,,,,,
